,book,name
0,Category:Baptism of Fire characters,Adalia
1,Category:Baptism of Fire characters,Adela
2,Category:Baptism of Fire characters,Aen Saevherne
3,Category:Baptism of Fire characters,Aevenien
4,Category:Baptism of Fire characters,Aglaïs
5,Category:Baptism of Fire characters,Albrich
6,Category:Baptism of Fire characters,Amavet
7,Category:Baptism of Fire characters,Angus Bri Cri
8,Category:Baptism of Fire characters,Anna Kameny
9,Category:Baptism of Fire characters,Anzelm Aubry
10,Category:Baptism of Fire characters,Artaud Terranova
11,Category:Baptism of Fire characters,Asse
12,Category:Baptism of Fire characters,Assire var Anahid
13,Category:Baptism of Fire characters,Aubry (first born)
14,Category:Baptism of Fire characters,Augusta Wagner
15,Category:Baptism of Fire characters,Baron of Casadei
16,Category:Baptism of Fire characters,Beatrix of Kovir
17,Category:Baptism of Fire characters,Bronik
18,Category:Baptism of Fire characters,Brouver Hoog
19,Category:Baptism of Fire characters,Cahir Mawr Dyffryn aep Ceallach
20,Category:Baptism of Fire characters,Calanthe
21,Category:Baptism of Fire characters,Caleb Stratton
22,Category:Baptism of Fire characters,Carduin
23,Category:Baptism of Fire characters,Ceallach aep Gruffyd
24,Category:Baptism of Fire characters,Cerro
25,Category:Baptism of Fire characters,Ciaran aep Dearbh
26,Category:Baptism of Fire characters,Ciri
27,Category:Baptism of Fire characters,Cirilla Fiona (imposter)
28,Category:Baptism of Fire characters,Codringher
29,Category:Baptism of Fire characters,Coinneach Dá Reo
30,Category:Baptism of Fire characters,Connor
31,Category:Baptism of Fire characters,Coram I
32,Category:Baptism of Fire characters,Coram II
33,Category:Baptism of Fire characters,Corbett
34,Category:Baptism of Fire characters,Cosmo Baldenvegg
35,Category:Baptism of Fire characters,Count Lanier
36,Category:Baptism of Fire characters,Cregennan of Lod
37,Category:Baptism of Fire characters,Crispin
38,Category:Baptism of Fire characters,Dagorad
39,Category:Baptism of Fire characters,Dandelion
40,Category:Baptism of Fire characters,Daniel Etcheverry
41,Category:Baptism of Fire characters,Demavend III
42,Category:Baptism of Fire characters,Echel Traighlethan
43,Category:Baptism of Fire characters,Effenberg
44,Category:Baptism of Fire characters,Eithné
45,Category:Baptism of Fire characters,Elan Trahe
46,Category:Baptism of Fire characters,Elen of Kaedwen
47,Category:Baptism of Fire characters,Emhyr var Emreis
48,Category:Baptism of Fire characters,Emiel Regis Rohellec Terzieff-Godefroy
49,Category:Baptism of Fire characters,Ethain
50,Category:Baptism of Fire characters,Falka
51,Category:Baptism of Fire characters,Falka (alias)
52,Category:Baptism of Fire characters,Fauve
53,Category:Baptism of Fire characters,Field Marshal Windbag
54,Category:Baptism of Fire characters,Figgis Merluzzo
55,Category:Baptism of Fire characters,Fiona
56,Category:Baptism of Fire characters,Flourens Delannoy
57,Category:Baptism of Fire characters,Francesca Findabair
58,Category:Baptism of Fire characters,Fringilla Vigo
59,Category:Baptism of Fire characters,Geralt of Rivia
60,Category:Baptism of Fire characters,Gerhart of Aelle
61,Category:Baptism of Fire characters,Giselher
62,Category:Baptism of Fire characters,Goidemar
63,Category:Baptism of Fire characters,Havekar
64,Category:Baptism of Fire characters,Hector Laabs
65,Category:Baptism of Fire characters,Hedwig of Malleore
66,Category:Baptism of Fire characters,Henselt
67,Category:Baptism of Fire characters,Houtborg triplets
68,Category:Baptism of Fire characters,Ida Emean aep Sivney
69,Category:Baptism of Fire characters,Iorweth
70,Category:Baptism of Fire characters,Isengrim Faoiltiarna
71,Category:Baptism of Fire characters,Iskra
72,Category:Baptism of Fire characters,Istredd
73,Category:Baptism of Fire characters,Ithlinne
74,Category:Baptism of Fire characters,Jacob Fenn
75,Category:Baptism of Fire characters,Jan Lennep
76,Category:Baptism of Fire characters,Jan Struycken
77,Category:Baptism of Fire characters,Jolie Lanier
78,Category:Baptism of Fire characters,Kayleigh
79,Category:Baptism of Fire characters,Keira Metz
80,Category:Baptism of Fire characters,Kolda
81,Category:Baptism of Fire characters,Lara Dorren
82,Category:Baptism of Fire characters,Leo Bonhart
83,Category:Baptism of Fire characters,Leticia Charbonneau
84,Category:Baptism of Fire characters,Lucretia Vigo
85,Category:Baptism of Fire characters,Margarita Laux-Antille
86,Category:Baptism of Fire characters,Merlin
87,Category:Baptism of Fire characters,Meve
88,Category:Baptism of Fire characters,Milenka
89,Category:Baptism of Fire characters,Millet
90,Category:Baptism of Fire characters,Milva
91,Category:Baptism of Fire characters,Mistle
92,Category:Baptism of Fire characters,Morteisen
93,Category:Baptism of Fire characters,Munro Bruys
94,Category:Baptism of Fire characters,Muriel
95,Category:Baptism of Fire characters,Mykitka
96,Category:Baptism of Fire characters,Nazarian
97,Category:Baptism of Fire characters,Nimue verch Wledyr ap Gwyn
98,Category:Baptism of Fire characters,Ori Reuven
99,Category:Baptism of Fire characters,Orla
100,Category:Baptism of Fire characters,Papebrock
101,Category:Baptism of Fire characters,Percival Schuttenbach
102,Category:Baptism of Fire characters,Philippa Eilhart
103,Category:Baptism of Fire characters,Pinto
104,Category:Baptism of Fire characters,Radovid V
105,Category:Baptism of Fire characters,Reef
106,Category:Baptism of Fire characters,Reynard Odo
107,Category:Baptism of Fire characters,Riannon
108,Category:Baptism of Fire characters,Rience
109,Category:Baptism of Fire characters,Riordain
110,Category:Baptism of Fire characters,Roach
111,Category:Baptism of Fire characters,Robert of Garramone
112,Category:Baptism of Fire characters,Roger Kameny
113,Category:Baptism of Fire characters,Sabrina Glevissig
114,Category:Baptism of Fire characters,Schirrú
115,Category:Baptism of Fire characters,Servadio
116,Category:Baptism of Fire characters,Sheala de Tancarville
117,Category:Baptism of Fire characters,Shilard Fitz-Oesterlen
118,Category:Baptism of Fire characters,Sievers
119,Category:Baptism of Fire characters,Sigismund Dijkstra
120,Category:Baptism of Fire characters,Silvester Bugiardo
121,Category:Baptism of Fire characters,Simlas Finn aep Dabairr
122,Category:Baptism of Fire characters,Sirssa
123,Category:Baptism of Fire characters,Stefan Skellen
124,Category:Baptism of Fire characters,Stella Congreve
125,Category:Baptism of Fire characters,Stribog
126,Category:Baptism of Fire characters,Stucco Zangenis
127,Category:Baptism of Fire characters,Talbot
128,Category:Baptism of Fire characters,Tissaia de Vries
129,Category:Baptism of Fire characters,Toruviel
130,Category:Baptism of Fire characters,Triss Merigold
131,Category:Baptism of Fire characters,Tugdual
132,Category:Baptism of Fire characters,Tuzik
133,Category:Baptism of Fire characters,Vanadain
134,Category:Baptism of Fire characters,Vascoigne
135,Category:Baptism of Fire characters,Vattier de Rideaux
136,Category:Baptism of Fire characters,Vera Loewenhaupt
137,Category:Baptism of Fire characters,Vilgefortz
138,Category:Baptism of Fire characters,Vissegerd
139,Category:Baptism of Fire characters,Vizimir II
140,Category:Baptism of Fire characters,Vreemde
141,Category:Baptism of Fire characters,Vridank
142,Category:Baptism of Fire characters,Xarthisius
143,Category:Baptism of Fire characters,Yazon Varda
144,Category:Baptism of Fire characters,Yennefer of Vengerberg
145,Category:Baptism of Fire characters,Zgarba
146,Category:Baptism of Fire characters,Zoltan Chivay
147,Category:Blood of Elves characters,Blood of Elves minor characters
148,Category:Blood of Elves characters,Abrad the Old Oak
149,Category:Blood of Elves characters,Aelirenn
150,Category:Blood of Elves characters,Agnes of Glanville
151,Category:Blood of Elves characters,Anna Tiller
152,Category:Blood of Elves characters,Anséis
153,Category:Blood of Elves characters,Artaud Terranova
154,Category:Blood of Elves characters,Axel Esparza
155,Category:Blood of Elves characters,Boatbug
156,Category:Blood of Elves characters,Boratek
157,Category:Blood of Elves characters,Bronibor
158,Category:Blood of Elves characters,Cahir Mawr Dyffryn aep Ceallach
159,Category:Blood of Elves characters,Calanthe
160,Category:Blood of Elves characters,Carduin
161,Category:Blood of Elves characters,Carla Demetia Crest
162,Category:Blood of Elves characters,Ciri
163,Category:Blood of Elves characters,Coën
164,Category:Blood of Elves characters,Crach an Craite
165,Category:Blood of Elves characters,Dandelion
166,Category:Blood of Elves characters,Demavend III
167,Category:Blood of Elves characters,Dezmod
168,Category:Blood of Elves characters,Donimir of Troy
169,Category:Blood of Elves characters,Duke de Ruyter
170,Category:Blood of Elves characters,Edmund Bumbler
171,Category:Blood of Elves characters,Eist Tuirseach
172,Category:Blood of Elves characters,Ekkehard of Sodden
173,Category:Blood of Elves characters,Emhyr var Emreis
174,Category:Blood of Elves characters,Ervyll
175,Category:Blood of Elves characters,Eskel
176,Category:Blood of Elves characters,Essi Daven
177,Category:Blood of Elves characters,Esterad Thyssen
178,Category:Blood of Elves characters,Ethain
179,Category:Blood of Elves characters,Eurneid
180,Category:Blood of Elves characters,Everett
181,Category:Blood of Elves characters,Fercart
182,Category:Blood of Elves characters,Flavius Michelet
183,Category:Blood of Elves characters,Foltest
184,Category:Blood of Elves characters,Francesca Findabair
185,Category:Blood of Elves characters,Geoffrey Monck
186,Category:Blood of Elves characters,Geralt of Rivia
187,Category:Blood of Elves characters,Gerhart of Aelle
188,Category:Blood of Elves characters,Giambattista
189,Category:Blood of Elves characters,Griffin of Temeria
190,Category:Blood of Elves characters,Gruzila
191,Category:Blood of Elves characters,Henselt
192,Category:Blood of Elves characters,Herbert Stammelford
193,Category:Blood of Elves characters,Hereward
194,Category:Blood of Elves characters,Hrosvitha
195,Category:Blood of Elves characters,Iola
196,Category:Blood of Elves characters,Iola the Second
197,Category:Blood of Elves characters,Ironware
198,Category:Blood of Elves characters,Ithlinne
199,Category:Blood of Elves characters,Ivo Richert
200,Category:Blood of Elves characters,Jan Bekker
201,Category:Blood of Elves characters,Jarre
202,Category:Blood of Elves characters,Katje
203,Category:Blood of Elves characters,Keira Metz
204,Category:Blood of Elves characters,Kistrin
205,Category:Blood of Elves characters,Lambert
206,Category:Blood of Elves characters,Linus Pitt
207,Category:Blood of Elves characters,Lodovico Michelet
208,Category:Blood of Elves characters,Lucas Corto
209,Category:Blood of Elves characters,Lydia van Bredevoort
210,Category:Blood of Elves characters,Lytta Neyd
211,Category:Blood of Elves characters,Mama Lantieri
212,Category:Blood of Elves characters,Maria Louisa La Valette
213,Category:Blood of Elves characters,Marquis La Creahme
214,Category:Blood of Elves characters,Medell
215,Category:Blood of Elves characters,Menno Coehoorn
216,Category:Blood of Elves characters,Meve
217,Category:Blood of Elves characters,Michelet brothers
218,Category:Blood of Elves characters,Milan Raupenneck
219,Category:Blood of Elves characters,Myhrman
220,Category:Blood of Elves characters,Myrrha
221,Category:Blood of Elves characters,Nenneke
222,Category:Blood of Elves characters,Nicodemus de Boot
223,Category:Blood of Elves characters,Niedamir
224,Category:Blood of Elves characters,Old Baron La Valette
225,Category:Blood of Elves characters,Olsen
226,Category:Blood of Elves characters,Ori Reuven
227,Category:Blood of Elves characters,Paulie Dahlberg
228,Category:Blood of Elves characters,Pavetta
229,Category:Blood of Elves characters,Pelligram
230,Category:Blood of Elves characters,Philippa Eilhart
231,Category:Blood of Elves characters,Podveyka
232,Category:Blood of Elves characters,Radcliffe
233,Category:Blood of Elves characters,Radovid I
234,Category:Blood of Elves characters,Radovid III
235,Category:Blood of Elves characters,Rayla
236,Category:Blood of Elves characters,Regan Dahlberg
237,Category:Blood of Elves characters,Reginald
238,Category:Blood of Elves characters,Rience
239,Category:Blood of Elves characters,Rizzi Michelet
240,Category:Blood of Elves characters,Roach
241,Category:Blood of Elves characters,Sambuk
242,Category:Blood of Elves characters,Schrader
243,Category:Blood of Elves characters,Shani
244,Category:Blood of Elves characters,Sheldon Skaggs
245,Category:Blood of Elves characters,Sigismund Dijkstra
246,Category:Blood of Elves characters,Stran
247,Category:Blood of Elves characters,Tissaia de Vries
248,Category:Blood of Elves characters,Toublanc Michelet
249,Category:Blood of Elves characters,Triss Merigold
250,Category:Blood of Elves characters,Unist
251,Category:Blood of Elves characters,Vanielle
252,Category:Blood of Elves characters,Venzlav
253,Category:Blood of Elves characters,Vera Loewenhaupt
254,Category:Blood of Elves characters,Vesemir
255,Category:Blood of Elves characters,Vilfrid Wenck
256,Category:Blood of Elves characters,Vilgefortz
257,Category:Blood of Elves characters,Villem
258,Category:Blood of Elves characters,Virfuril
259,Category:Blood of Elves characters,Vissegerd
260,Category:Blood of Elves characters,Vitek
261,Category:Blood of Elves characters,Vizimir II
262,Category:Blood of Elves characters,Windhalm of Attre
263,Category:Blood of Elves characters,Wolfgang Amadeus Goatbeard
264,Category:Blood of Elves characters,Xavier Moran
265,Category:Blood of Elves characters,Yannick Brass
266,Category:Blood of Elves characters,Yarpen Zigrin
267,Category:Blood of Elves characters,Yennefer of Vengerberg
268,Category:Blood of Elves characters,Yoël Grethen
269,Category:Blood of Elves characters,Zyvik
270,Category:Season of Storms characters,Abner de Navarette
271,Category:Season of Storms characters,Adda the White
272,Category:Season of Storms characters,Addarion Bach
273,Category:Season of Storms characters,Aguara
274,Category:Season of Storms characters,Aileach Mor-Dhu
275,Category:Season of Storms characters,Albert Smulka
276,Category:Season of Storms characters,Algernon Guincamp
277,Category:Season of Storms characters,Alzur
278,Category:Season of Storms characters,Antea Derris
279,Category:Season of Storms characters,Axel Esparza
280,Category:Season of Storms characters,Bang
281,Category:Season of Storms characters,Belohun
282,Category:Season of Storms characters,Bernie Hofmeier
283,Category:Season of Storms characters,Biruta Icarti
284,Category:Season of Storms characters,Brehen
285,Category:Season of Storms characters,Briana de Sepulveda
286,Category:Season of Storms characters,Bue
287,Category:Season of Storms characters,Ciri
288,Category:Season of Storms characters,Codringher
289,Category:Season of Storms characters,Colonel de Santis
290,Category:Season of Storms characters,Coppenrath
291,Category:Season of Storms characters,Cosimo Malaspina
292,Category:Season of Storms characters,Dandelion
293,Category:Season of Storms characters,Drofuss
294,Category:Season of Storms characters,Edwina
295,Category:Season of Storms characters,Effenberg
296,Category:Season of Storms characters,Egmund
297,Category:Season of Storms characters,Elmer
298,Category:Season of Storms characters,Escayrac
299,Category:Season of Storms characters,Febus Ravenga
300,Category:Season of Storms characters,Ferrant de Lettenhove
301,Category:Season of Storms characters,Floquet
302,Category:Season of Storms characters,Frans Torquil
303,Category:Season of Storms characters,Geoffrey Monck
304,Category:Season of Storms characters,Geralt of Rivia
305,Category:Season of Storms characters,Gonschorek
306,Category:Season of Storms characters,Harlan Tzara
307,Category:Season of Storms characters,Horvath
308,Category:Season of Storms characters,Idarran of Ulivo
309,Category:Season of Storms characters,Ildiko Breckl
310,Category:Season of Storms characters,Jacob de Sepulveda
311,Category:Season of Storms characters,Jacob Fenn
312,Category:Season of Storms characters,Jan Bekker
313,Category:Season of Storms characters,Javil Fysh
314,Category:Season of Storms characters,Jerosa Fuerte
315,Category:Season of Storms characters,Jonas
316,Category:Season of Storms characters,Kevenard van Vliet
317,Category:Season of Storms characters,Lebioda
318,Category:Season of Storms characters,Ligenza
319,Category:Season of Storms characters,Lindenbrog
320,Category:Season of Storms characters,Lytta Neyd
321,Category:Season of Storms characters,Marti Södergren
322,Category:Season of Storms characters,Maximilian Borsodi
323,Category:Season of Storms characters,Maximilian Borsodi's brother
324,Category:Season of Storms characters,Messer Luppi
325,Category:Season of Storms characters,Mikita
326,Category:Season of Storms characters,Molnar Giancardi
327,Category:Season of Storms characters,Mozaïk
328,Category:Season of Storms characters,Myles Trethevey
329,Category:Season of Storms characters,Narses de la Roche
330,Category:Season of Storms characters,Nikefor Muus
331,Category:Season of Storms characters,Nimue verch Wledyr ap Gwyn
332,Category:Season of Storms characters,Nino Cianfanelli
333,Category:Season of Storms characters,Ohnesorg
334,Category:Season of Storms characters,Ortolan
335,Category:Season of Storms characters,Osmyk
336,Category:Season of Storms characters,Otto Dussart
337,Category:Season of Storms characters,Pandolfo Forteguerra
338,Category:Season of Storms characters,Parlaghy
339,Category:Season of Storms characters,Pastor
340,Category:Season of Storms characters,Pelligram
341,Category:Season of Storms characters,Petru Cobbin
342,Category:Season of Storms characters,Prochaska
343,Category:Season of Storms characters,Prospero Basti
344,Category:Season of Storms characters,Pudlorak
345,Category:Season of Storms characters,Pyral Pratt
346,Category:Season of Storms characters,Rhyd
347,Category:Season of Storms characters,Richter
348,Category:Season of Storms characters,Roach
349,Category:Season of Storms characters,Ropp
350,Category:Season of Storms characters,Sabrina Glevissig
351,Category:Season of Storms characters,Samsa
352,Category:Season of Storms characters,Shevlov
353,Category:Season of Storms characters,Sorel Degerlund
354,Category:Season of Storms characters,Stucco Zangenis
355,Category:Season of Storms characters,Talbot
356,Category:Season of Storms characters,Tarp
357,Category:Season of Storms characters,Tarvix Sandoval
358,Category:Season of Storms characters,Tiziana Frevi
359,Category:Season of Storms characters,Tonton Zroga
360,Category:Season of Storms characters,Trent
361,Category:Season of Storms characters,Tukaj
362,Category:Season of Storms characters,Tverdoruk
363,Category:Season of Storms characters,Vesemir
364,Category:Season of Storms characters,Videmont
365,Category:Season of Storms characters,Vimme Vivaldi
366,Category:Season of Storms characters,Violetta
367,Category:Season of Storms characters,Viraxas
368,Category:Season of Storms characters,Vizimir II
369,Category:Season of Storms characters,Vorsterkranz
370,Category:Season of Storms characters,Vysogota of Corvo
371,Category:Season of Storms characters,Wledyr
372,Category:Season of Storms characters,Xander
373,Category:Season of Storms characters,Xymena de Sepulveda
374,Category:Season of Storms characters,Yan Malkin
375,Category:Season of Storms characters,Yennefer of Vengerberg
376,"Category:Something Ends, Something Begins characters",Adda the White
377,"Category:Something Ends, Something Begins characters",Agloval
378,"Category:Something Ends, Something Begins characters",Alzur
379,"Category:Something Ends, Something Begins characters",Annika
380,"Category:Something Ends, Something Begins characters",Braenn
381,"Category:Something Ends, Something Begins characters",Brennan
382,"Category:Something Ends, Something Begins characters",Caldemeyn
383,"Category:Something Ends, Something Begins characters",Chireadan
384,"Category:Something Ends, Something Begins characters",Ciri
385,"Category:Something Ends, Something Begins characters",Cirilla (dryad)
386,"Category:Something Ends, Something Begins characters",Crach an Craite
387,"Category:Something Ends, Something Begins characters",Czop
388,"Category:Something Ends, Something Begins characters",Dainty Biberveldt
389,"Category:Something Ends, Something Begins characters",Dandelion
390,"Category:Something Ends, Something Begins characters",Devereux
391,"Category:Something Ends, Something Begins characters",Dorregaray
392,"Category:Something Ends, Something Begins characters",Dudu
393,"Category:Something Ends, Something Begins characters",Eithné (Braenn's daughter)
394,"Category:Something Ends, Something Begins characters",Eskel
395,"Category:Something Ends, Something Begins characters",Ethain
396,"Category:Something Ends, Something Begins characters",Eurneid
397,"Category:Something Ends, Something Begins characters",Fregenal
398,"Category:Something Ends, Something Begins characters",Freixenet
399,"Category:Something Ends, Something Begins characters",Freya (Skelliger)
400,"Category:Something Ends, Something Begins characters",Galahad
401,"Category:Something Ends, Something Begins characters",Gardenia Biberveldt
402,"Category:Something Ends, Something Begins characters",Geralt of Rivia
403,"Category:Something Ends, Something Begins characters",Grozim
404,"Category:Something Ends, Something Begins characters",Herwig
405,"Category:Something Ends, Something Begins characters",Hotspurn
406,"Category:Something Ends, Something Begins characters",Iola the Second
407,"Category:Something Ends, Something Begins characters",Jarre
408,"Category:Something Ends, Something Begins characters",Kashka
409,"Category:Something Ends, Something Begins characters",Kehl
410,"Category:Something Ends, Something Begins characters",Kelpie (horse)
411,"Category:Something Ends, Something Begins characters",Korin
412,"Category:Something Ends, Something Begins characters",Koshchey's Men
413,"Category:Something Ends, Something Begins characters",Leo Bonhart
414,"Category:Something Ends, Something Begins characters",Lily Biberveldt
415,"Category:Something Ends, Something Begins characters",Loki an Craite
416,"Category:Something Ends, Something Begins characters",Manissa
417,"Category:Something Ends, Something Begins characters",Matholm
418,"Category:Something Ends, Something Begins characters",Merle
419,"Category:Something Ends, Something Begins characters",Mikula (blacksmith)
420,"Category:Something Ends, Something Begins characters",Mistle
421,"Category:Something Ends, Something Begins characters",Mona (dryad)
422,"Category:Something Ends, Something Begins characters",Morenn (Braenn's daughter)
423,"Category:Something Ends, Something Begins characters",Mousesack
424,"Category:Something Ends, Something Begins characters",Nenneke
425,"Category:Something Ends, Something Begins characters",Percival Schuttenbach
426,"Category:Something Ends, Something Begins characters",Radcliffe
427,"Category:Something Ends, Something Begins characters",Radim
428,"Category:Something Ends, Something Begins characters",Ragnar an Craite
429,"Category:Something Ends, Something Begins characters",Sandy Frogmorton
430,"Category:Something Ends, Something Begins characters",Sh'eenaz
431,"Category:Something Ends, Something Begins characters",Sigismund Dijkstra
432,"Category:Something Ends, Something Begins characters","Something Ends, Something Begins minor characters"
433,"Category:Something Ends, Something Begins characters",Sulivoy
434,"Category:Something Ends, Something Begins characters",Topin
435,"Category:Something Ends, Something Begins characters",Triss Merigold
436,"Category:Something Ends, Something Begins characters",Venzlav
437,"Category:Something Ends, Something Begins characters",Vesemir
438,"Category:Something Ends, Something Begins characters",Villentretenmerth
439,"Category:Something Ends, Something Begins characters",Visenna
440,"Category:Something Ends, Something Begins characters",Vissing
441,"Category:Something Ends, Something Begins characters",White Lady
442,"Category:Something Ends, Something Begins characters",Willem
443,"Category:Something Ends, Something Begins characters",Yarpen Zigrin
444,"Category:Something Ends, Something Begins characters",Yennefer of Vengerberg
445,"Category:Something Ends, Something Begins characters",Yves
446,Category:Sword of Destiny characters,Agloval
447,Category:Sword of Destiny characters,Akeretta
448,Category:Sword of Destiny characters,Alvina
449,Category:Sword of Destiny characters,Arno Hardbottom
450,Category:Sword of Destiny characters,Artaud Terranova
451,Category:Sword of Destiny characters,Atlan Kerk
452,Category:Sword of Destiny characters,Axel Esparza
453,Category:Sword of Destiny characters,Beady-eyes
454,Category:Sword of Destiny characters,Begonia Biberveldt
455,Category:Sword of Destiny characters,Boholt
456,Category:Sword of Destiny characters,Braenn
457,Category:Sword of Destiny characters,Brick
458,Category:Sword of Destiny characters,Budibog
459,Category:Sword of Destiny characters,Calanthe
460,Category:Sword of Destiny characters,Chappelle
461,Category:Sword of Destiny characters,Ciri
462,Category:Sword of Destiny characters,Crinfrid Reavers
463,Category:Sword of Destiny characters,Cynthia (ballad subject)
464,Category:Sword of Destiny characters,Dagobert
465,Category:Sword of Destiny characters,Dainty Biberveldt
466,Category:Sword of Destiny characters,Dalia
467,Category:Sword of Destiny characters,Dandelion
468,Category:Sword of Destiny characters,Detchka
469,Category:Sword of Destiny characters,Dezmod
470,Category:Sword of Destiny characters,Dorregaray
471,Category:Sword of Destiny characters,Drunken ferryman
472,Category:Sword of Destiny characters,Dudu
473,Category:Sword of Destiny characters,Dunca
474,Category:Sword of Destiny characters,Ebbing quadruplets
475,Category:Sword of Destiny characters,Eist Tuirseach
476,Category:Sword of Destiny characters,Eithné
477,Category:Sword of Destiny characters,Ekkehard of Sodden
478,Category:Sword of Destiny characters,Eliza
479,Category:Sword of Destiny characters,Emhyr var Emreis
480,Category:Sword of Destiny characters,Ervyll
481,Category:Sword of Destiny characters,Essi Daven
482,Category:Sword of Destiny characters,Ethain
483,Category:Sword of Destiny characters,Eyck of Denesle
484,Category:Sword of Destiny characters,Fercart
485,Category:Sword of Destiny characters,Freixenet
486,Category:Sword of Destiny characters,Gar
487,Category:Sword of Destiny characters,Gardenia Biberveldt
488,Category:Sword of Destiny characters,Gaspard Drouhard
489,Category:Sword of Destiny characters,Geralt of Rivia
490,Category:Sword of Destiny characters,Goldencheeks
491,Category:Sword of Destiny characters,Gorazd
492,Category:Sword of Destiny characters,Gritzi
493,Category:Sword of Destiny characters,Gyllenstiern
494,Category:Sword of Destiny characters,Herbolth
495,Category:Sword of Destiny characters,Istredd
496,Category:Sword of Destiny characters,Ivo Mirce
497,Category:Sword of Destiny characters,Joachim Schwann
498,Category:Sword of Destiny characters,Juan Pablo Vassermiller
499,Category:Sword of Destiny characters,Junghans
500,Category:Sword of Destiny characters,Kennet
501,Category:Sword of Destiny characters,Kistrin
502,Category:Sword of Destiny characters,Kreve
503,Category:Sword of Destiny characters,Lawdbor
504,Category:Sword of Destiny characters,Levecque
505,Category:Sword of Destiny characters,Lucas Corto
506,Category:Sword of Destiny characters,Lytta Neyd
507,Category:Sword of Destiny characters,Marck
508,Category:Sword of Destiny characters,Mestvin
509,Category:Sword of Destiny characters,Mitzi
510,Category:Sword of Destiny characters,Morénn
511,Category:Sword of Destiny characters,Mousesack
512,Category:Sword of Destiny characters,Muskrat
513,Category:Sword of Destiny characters,Myrgtabrakke
514,Category:Sword of Destiny characters,Nadbor
515,Category:Sword of Destiny characters,Nelumbo
516,Category:Sword of Destiny characters,Niedamir
517,Category:Sword of Destiny characters,Paulie Dahlberg
518,Category:Sword of Destiny characters,Pavetta
519,Category:Sword of Destiny characters,Podveyka
520,Category:Sword of Destiny characters,Pokvit
521,Category:Sword of Destiny characters,Putzi
522,Category:Sword of Destiny characters,Radcliffe
523,Category:Sword of Destiny characters,Regan Dahlberg
524,Category:Sword of Destiny characters,Rhundurin
525,Category:Sword of Destiny characters,Rhyd
526,Category:Sword of Destiny characters,Roach
527,Category:Sword of Destiny characters,Roedskilde
528,Category:Sword of Destiny characters,Sabrina Glevissig
529,Category:Sword of Destiny characters,Sambuk
530,Category:Sword of Destiny characters,Sh'eenaz
531,Category:Sword of Destiny characters,Sheepbagger
532,Category:Sword of Destiny characters,Sirssa
533,Category:Sword of Destiny characters,Sorrel
534,Category:Sword of Destiny characters,Stefan Skellen
535,Category:Sword of Destiny characters,Sulik
536,Category:Sword of Destiny characters,Sulimir
537,Category:Sword of Destiny characters,Sword of Destiny minor characters
538,Category:Sword of Destiny characters,Teleri Drouhard
539,Category:Sword of Destiny characters,Ther Lukokian
540,Category:Sword of Destiny characters,Triss Merigold
541,Category:Sword of Destiny characters,Téa
542,Category:Sword of Destiny characters,Vanda
543,Category:Sword of Destiny characters,Vanielle
544,Category:Sword of Destiny characters,Vell
545,Category:Sword of Destiny characters,Venzlav
546,Category:Sword of Destiny characters,Vertvern
547,Category:Sword of Destiny characters,Vesemir
548,Category:Sword of Destiny characters,Vespula
549,Category:Sword of Destiny characters,Veverka
550,Category:Sword of Destiny characters,Villentretenmerth
551,Category:Sword of Destiny characters,Vimme Vivaldi
552,Category:Sword of Destiny characters,Viraxas
553,Category:Sword of Destiny characters,Visenna
554,Category:Sword of Destiny characters,Voymir (knight)
555,Category:Sword of Destiny characters,Véa
556,Category:Sword of Destiny characters,Xavier Moran
557,Category:Sword of Destiny characters,Yannick Brass
558,Category:Sword of Destiny characters,Yarpen Zigrin
559,Category:Sword of Destiny characters,Yennefer of Vengerberg
560,Category:Sword of Destiny characters,Yoël Grethen
561,Category:Sword of Destiny characters,Yurga
562,Category:Sword of Destiny characters,Zelest
563,Category:Szpony i kły characters,Ethain
564,Category:Szpony i kły characters,Mathen
565,Category:Szpony i kły characters,Sha
566,Category:Tales from the world of The Witcher characters,Saint Elmo
567,Category:The Lady of the Lake characters,Aarhenius Krantz
568,Category:The Lady of the Lake characters,Abonde
569,Category:The Lady of the Lake characters,Adam Pangratt
570,Category:The Lady of the Lake characters,Adela Marta
571,Category:The Lady of the Lake characters,Aen Saevherne
572,Category:The Lady of the Lake characters,Aillil Mawr Dyffryn aep Ceallach
573,Category:The Lady of the Lake characters,Albert Solpietra
574,Category:The Lady of the Lake characters,Alcides Fierabras
575,Category:The Lady of the Lake characters,Aloë Hildebrandt
576,Category:The Lady of the Lake characters,Amadis de Trastamara
577,Category:The Lady of the Lake characters,Andy Biberveldt
578,Category:The Lady of the Lake characters,Angoulême
579,Category:The Lady of the Lake characters,Angus Bri Cri
580,Category:The Lady of the Lake characters,Anna Henrietta
581,Category:The Lady of the Lake characters,Anna Tiller
582,Category:The Lady of the Lake characters,Anzelm Aubry
583,Category:The Lady of the Lake characters,Ardal aep Dahy
584,Category:The Lady of the Lake characters,Aristoteles Bobeck
585,Category:The Lady of the Lake characters,Artorius Vigo
586,Category:The Lady of the Lake characters,Assire var Anahid
587,Category:The Lady of the Lake characters,Auberon Muircetach
588,Category:The Lady of the Lake characters,Aubry (second born)
589,Category:The Lady of the Lake characters,Avallac'h
590,Category:The Lady of the Lake characters,Barclay Els
591,Category:The Lady of the Lake characters,Berengar Leuvaarden
592,Category:The Lady of the Lake characters,Bernie Hofmeier
593,Category:The Lady of the Lake characters,Bertram Skellen
594,Category:The Lady of the Lake characters,Blasco Grant
595,Category:The Lady of the Lake characters,Blenheim Blenckert
596,Category:The Lady of the Lake characters,Boreas Mun
597,Category:The Lady of the Lake characters,Braathens
598,Category:The Lady of the Lake characters,Bronibor
599,Category:The Lady of the Lake characters,Brouver Hoog
600,Category:The Lady of the Lake characters,Bucephalus
601,Category:The Lady of the Lake characters,Cahir Mawr Dyffryn aep Ceallach
602,Category:The Lady of the Lake characters,Cairbre aep Diared
603,Category:The Lady of the Lake characters,Calanthe
604,Category:The Lady of the Lake characters,Carolina Roberta
605,Category:The Lady of the Lake characters,Carthia van Canten
606,Category:The Lady of the Lake characters,Ceallach aep Gruffyd
607,Category:The Lady of the Lake characters,Cedric (king)
608,Category:The Lady of the Lake characters,Cerro
609,Category:The Lady of the Lake characters,Chevron Knight
610,Category:The Lady of the Lake characters,Cinead var Anahid
611,Category:The Lady of the Lake characters,Ciri
612,Category:The Lady of the Lake characters,Ciri (Jarre's granddaughter)
613,Category:The Lady of the Lake characters,Cirilla Fiona (imposter)
614,Category:The Lady of the Lake characters,Coinneach Dá Reo
615,Category:The Lady of the Lake characters,Condwiramurs Tilly
616,Category:The Lady of the Lake characters,Corbett
617,Category:The Lady of the Lake characters,Count Broinne
618,Category:The Lady of the Lake characters,Count de Ruyter
619,Category:The Lady of the Lake characters,Coën
620,Category:The Lady of the Lake characters,Cregennan of Lod
621,Category:The Lady of the Lake characters,Cyprian Fripp the younger
622,Category:The Lady of the Lake characters,Cyrus Engelkind Hemmelfart
623,Category:The Lady of the Lake characters,Dacre Silifant
624,Category:The Lady of the Lake characters,Dagorad
625,Category:The Lady of the Lake characters,Dandelion
626,Category:The Lady of the Lake characters,Daniel Etcheverry
627,Category:The Lady of the Lake characters,Debora
628,Category:The Lady of the Lake characters,Dede Vargas
629,Category:The Lady of the Lake characters,Demavend III
630,Category:The Lady of the Lake characters,Dennis Cranmer
631,Category:The Lady of the Lake characters,Deuslax
632,Category:The Lady of the Lake characters,Devlin aep Meara
633,Category:The Lady of the Lake characters,Dezmod
634,Category:The Lady of the Lake characters,Dheran Mawr Dyffryn aep Ceallach
635,Category:The Lady of the Lake characters,Didi Hofmeier
636,Category:The Lady of the Lake characters,Digod
637,Category:The Lady of the Lake characters,Dominik Bombastus Houvenaghel
638,Category:The Lady of the Lake characters,Draakul
639,Category:The Lady of the Lake characters,Dyffryn
640,Category:The Lady of the Lake characters,Edmund Bumbler
641,Category:The Lady of the Lake characters,Effenberg
642,Category:The Lady of the Lake characters,Eithné
643,Category:The Lady of the Lake characters,Elan Trahe
644,Category:The Lady of the Lake characters,Elkana Foster
645,Category:The Lady of the Lake characters,Emhyr var Emreis
646,Category:The Lady of the Lake characters,Emiel Regis Rohellec Terzieff-Godefroy
647,Category:The Lady of the Lake characters,Emmerich Gottschalk
648,Category:The Lady of the Lake characters,Eredin Bréacc Glas
649,Category:The Lady of the Lake characters,Ervyll
650,Category:The Lady of the Lake characters,Eskel
651,Category:The Lady of the Lake characters,Esterad Thyssen
652,Category:The Lady of the Lake characters,Ethain
653,Category:The Lady of the Lake characters,Eudora Breckenriggs
654,Category:The Lady of the Lake characters,Eurneid
655,Category:The Lady of the Lake characters,Evangelina Parr
656,Category:The Lady of the Lake characters,Eviva var Anahid
657,Category:The Lady of the Lake characters,Fabio Sachs
658,Category:The Lady of the Lake characters,Falka
659,Category:The Lady of the Lake characters,Fergus var Emreis
660,Category:The Lady of the Lake characters,Field Marshal Windbag
661,Category:The Lady of the Lake characters,Figgis Merluzzo
662,Category:The Lady of the Lake characters,Fisher King (lover of Nimue)
663,Category:The Lady of the Lake characters,Fitz-Oesterlen (cadet)
664,Category:The Lady of the Lake characters,Flourens Delannoy
665,Category:The Lady of the Lake characters,Foltest
666,Category:The Lady of the Lake characters,Forest Gramps
667,Category:The Lady of the Lake characters,Francesca Findabair
668,Category:The Lady of the Lake characters,Fringilla Vigo
669,Category:The Lady of the Lake characters,Fulko Artevelde
670,Category:The Lady of the Lake characters,Fuson
671,Category:The Lady of the Lake characters,Galahad
672,Category:The Lady of the Lake characters,Gardik
673,Category:The Lady of the Lake characters,Gefreiter Corncrake
674,Category:The Lady of the Lake characters,Geralt of Rivia
675,Category:The Lady of the Lake characters,Goidemar
676,Category:The Lady of the Lake characters,Goulue
677,Category:The Lady of the Lake characters,Gruffyd
678,Category:The Lady of the Lake characters,Guy de Bois-Fresnes
679,Category:The Lady of the Lake characters,Hamilcar Danza
680,Category:The Lady of the Lake characters,Hedwig of Malleore
681,Category:The Lady of the Lake characters,Henselt
682,Category:The Lady of the Lake characters,Hereward
683,Category:The Lady of the Lake characters,Holofernes Hofmeier
684,Category:The Lady of the Lake characters,Ida Emean aep Sivney
685,Category:The Lady of the Lake characters,Ihuarraquax
686,Category:The Lady of the Lake characters,Impatientia Vanderbeck
687,Category:The Lady of the Lake characters,Incarvilia Hildebrandt
688,Category:The Lady of the Lake characters,Iola the Second
689,Category:The Lady of the Lake characters,Isengrim Faoiltiarna
690,Category:The Lady of the Lake characters,Istvan Igalffy
691,Category:The Lady of the Lake characters,Ithlinne
692,Category:The Lady of the Lake characters,Jacqueline
693,Category:The Lady of the Lake characters,Jan Lennep
694,Category:The Lady of the Lake characters,Jan Natalis
695,Category:The Lady of the Lake characters,Jarre
696,Category:The Lady of the Lake characters,Jean Catillon
697,Category:The Lady of the Lake characters,Jean La Voisier
698,Category:The Lady of the Lake characters,Joachim de Wett
699,Category:The Lady of the Lake characters,John of Attre
700,Category:The Lady of the Lake characters,Juan Gutierrez
701,Category:The Lady of the Lake characters,Julia Abatemarco
702,Category:The Lady of the Lake characters,Katje
703,Category:The Lady of the Lake characters,Kees van Lo
704,Category:The Lady of the Lake characters,Keira Metz
705,Category:The Lady of the Lake characters,Kelpie (horse)
706,Category:The Lady of the Lake characters,King of the Wild Hunt
707,Category:The Lady of the Lake characters,Kistrin
708,Category:The Lady of the Lake characters,Klaproth
709,Category:The Lady of the Lake characters,Kobus de Ruyter
710,Category:The Lady of the Lake characters,Lamarr Flaut
711,Category:The Lady of the Lake characters,Lambert
712,Category:The Lady of the Lake characters,Lara Dorren
713,Category:The Lady of the Lake characters,Lebioda
714,Category:The Lady of the Lake characters,Leo Bonhart
715,Category:The Lady of the Lake characters,Leon Oppenhauser
716,Category:The Lady of the Lake characters,Liam aep Muir Moss
717,Category:The Lady of the Lake characters,Lorenzo Molla
718,Category:The Lady of the Lake characters,Lucienne
719,Category:The Lady of the Lake characters,Lydia van Bredevoort
720,Category:The Lady of the Lake characters,Lytta Neyd
721,Category:The Lady of the Lake characters,Malatesta
722,Category:The Lady of the Lake characters,Margarita Laux-Antille
723,Category:The Lady of the Lake characters,Markus Braibant
724,Category:The Lady of the Lake characters,Marti Södergren
725,Category:The Lady of the Lake characters,Mawr var Anahid
726,Category:The Lady of the Lake characters,Melfi
727,Category:The Lady of the Lake characters,Menno Coehoorn
728,Category:The Lady of the Lake characters,Meve
729,Category:The Lady of the Lake characters,Milo Vanderbeck
730,Category:The Lady of the Lake characters,Milton
731,Category:The Lady of the Lake characters,Milton de Peyrac-Peyran
732,Category:The Lady of the Lake characters,Milva
733,Category:The Lady of the Lake characters,Mistle
734,Category:The Lady of the Lake characters,Morvran Voorhis
735,Category:The Lady of the Lake characters,Munro Bruys
736,Category:The Lady of the Lake characters,Myrrha
737,Category:The Lady of the Lake characters,Nadia Esposito
738,Category:The Lady of the Lake characters,Natanis
739,Category:The Lady of the Lake characters,Nenneke
740,Category:The Lady of the Lake characters,Nicodemus de Boot
741,Category:The Lady of the Lake characters,Nimue verch Wledyr ap Gwyn
742,Category:The Lady of the Lake characters,Nitert
743,Category:The Lady of the Lake characters,Notturna
744,Category:The Lady of the Lake characters,Nycklar
745,Category:The Lady of the Lake characters,Ograbek
746,Category:The Lady of the Lake characters,Okultich
747,Category:The Lady of the Lake characters,Ola Harsheim
748,Category:The Lady of the Lake characters,Orestes Kopps
749,Category:The Lady of the Lake characters,Ori Reuven
750,Category:The Lady of the Lake characters,Otto de Congreve
751,Category:The Lady of the Lake characters,Ouder de Wyngalt
752,Category:The Lady of the Lake characters,Palmerin de Launfal
753,Category:The Lady of the Lake characters,Papebrock
754,Category:The Lady of the Lake characters,Paulie Dahlberg
755,Category:The Lady of the Lake characters,Pelligram
756,Category:The Lady of the Lake characters,Percival Schuttenbach
757,Category:The Lady of the Lake characters,Peter Faramond
758,Category:The Lady of the Lake characters,Petunia Hildebrandt
759,Category:The Lady of the Lake characters,Philippa Eilhart
760,Category:The Lady of the Lake characters,Pike (person)
761,Category:The Lady of the Lake characters,Prince Voorhis
762,Category:The Lady of the Lake characters,Prine
763,Category:The Lady of the Lake characters,Puttkammer
764,Category:The Lady of the Lake characters,Radovid V
765,Category:The Lady of the Lake characters,Ramon Tyrconnel
766,Category:The Lady of the Lake characters,Rayla
767,Category:The Last Wish characters,Abergard
768,Category:The Last Wish characters,"Abrad ""Jack-up-the-Skirt"""
769,Category:The Last Wish characters,Adda of Temeria
770,Category:The Last Wish characters,Adda the White
771,Category:The Last Wish characters,Aen Saevherne
772,Category:The Last Wish characters,Akerspaark
773,Category:The Last Wish characters,Aridea
774,Category:The Last Wish characters,Arthur Tailles
775,Category:The Last Wish characters,Audoen
776,Category:The Last Wish characters,Beau Berrant
777,Category:The Last Wish characters,Bernika
778,Category:The Last Wish characters,Borg
779,Category:The Last Wish characters,Bran Tuirseach
780,Category:The Last Wish characters,Butcher of Blaviken
781,Category:The Last Wish characters,Calanthe
782,Category:The Last Wish characters,Caldemeyn
783,Category:The Last Wish characters,Carrypebble
784,Category:The Last Wish characters,Centurion (innkeeper)
785,Category:The Last Wish characters,Cerberus
786,Category:The Last Wish characters,Cerro
787,Category:The Last Wish characters,Chireadan
788,Category:The Last Wish characters,Civril
789,Category:The Last Wish characters,Crach an Craite
790,Category:The Last Wish characters,Crach's mother
791,Category:The Last Wish characters,Dalimira
792,Category:The Last Wish characters,Dandelion
793,Category:The Last Wish characters,Dennis Cranmer
794,Category:The Last Wish characters,Dezmod
795,Category:The Last Wish characters,Dhun
796,Category:The Last Wish characters,Dragomir
797,Category:The Last Wish characters,Draig Bon-Dhu
798,Category:The Last Wish characters,Drogodar
799,Category:The Last Wish characters,Eist Tuirseach
800,Category:The Last Wish characters,Eltibald
801,Category:The Last Wish characters,Emhyr var Emreis
802,Category:The Last Wish characters,Ermellia
803,Category:The Last Wish characters,Errdil
804,Category:The Last Wish characters,Eskel
805,Category:The Last Wish characters,Ethain
806,Category:The Last Wish characters,Evermir
807,Category:The Last Wish characters,Eylembert of Tigg
808,Category:The Last Wish characters,Falwick
809,Category:The Last Wish characters,Fenne
810,Category:The Last Wish characters,Fialka
811,Category:The Last Wish characters,Fifteen
812,Category:The Last Wish characters,Filavandrel aén Fidháil
813,Category:The Last Wish characters,Fodcat
814,Category:The Last Wish characters,Foltest
815,Category:The Last Wish characters,Fredefalk Vellga
816,Category:The Last Wish characters,Galarr
817,Category:The Last Wish characters,Geoffrey Monck
818,Category:The Last Wish characters,Geralt of Rivia
819,Category:The Last Wish characters,Glutton
820,Category:The Last Wish characters,Haxo
821,Category:The Last Wish characters,Herbert Stammelford
822,Category:The Last Wish characters,Hereward
823,Category:The Last Wish characters,Heribert
824,Category:The Last Wish characters,Idi
825,Category:The Last Wish characters,Ilka
826,Category:The Last Wish characters,Iola
827,Category:The Last Wish characters,Irion
828,Category:The Last Wish characters,Karelka
829,Category:The Last Wish characters,Krepp
830,Category:The Last Wish characters,Laurelnose
831,Category:The Last Wish characters,Lebioda
832,Category:The Last Wish characters,Lenka
833,Category:The Last Wish characters,Libushe
834,Category:The Last Wish characters,Lille
835,Category:The Last Wish characters,Lord Strept
836,Category:The Last Wish characters,Mad Deï
837,Category:The Last Wish characters,Marilka
838,Category:The Last Wish characters,Medell
839,Category:The Last Wish characters,Mousesack
840,Category:The Last Wish characters,Nan the Hag
841,Category:The Last Wish characters,Nenneke
842,Category:The Last Wish characters,Nettly
843,Category:The Last Wish characters,Neville
844,Category:The Last Wish characters,Nimir
845,Category:The Last Wish characters,Nivellen
846,Category:The Last Wish characters,Nohorn
847,Category:The Last Wish characters,Ostrit
848,Category:The Last Wish characters,Pavetta
849,Category:The Last Wish characters,Primula
850,Category:The Last Wish characters,Rainfarn
851,Category:The Last Wish characters,Ravix of Fourhorn
852,Category:The Last Wish characters,Renfri Vellga
853,Category:The Last Wish characters,Roach
854,Category:The Last Wish characters,Roderick de Novembre
855,Category:The Last Wish characters,Roegner of Ebbing
856,Category:The Last Wish characters,Rulle Asper
857,Category:The Last Wish characters,Rumplestelt
858,Category:The Last Wish characters,Sancia of Sodden
859,Category:The Last Wish characters,Segelin
860,Category:The Last Wish characters,Seven gnomes
861,Category:The Last Wish characters,Silvena (Fredefalk's wife)
862,Category:The Last Wish characters,Silvena (Narok ruler)
863,Category:The Last Wish characters,Slow
864,Category:The Last Wish characters,Stregobor
865,Category:The Last Wish characters,Supree
866,Category:The Last Wish characters,Tavik
867,Category:The Last Wish characters,The Last Wish minor characters
868,Category:The Last Wish characters,Tinglant
869,Category:The Last Wish characters,Torque
870,Category:The Last Wish characters,Toruviel
871,Category:The Last Wish characters,Treska
872,Category:The Last Wish characters,Trigla
873,Category:The Last Wish characters,Triss Merigold
874,Category:The Last Wish characters,Valdo Marx
875,Category:The Last Wish characters,Vanadain
876,Category:The Last Wish characters,Velerad
877,Category:The Last Wish characters,Venimira
878,Category:The Last Wish characters,Vereena
879,Category:The Last Wish characters,Vesemir
880,Category:The Last Wish characters,Virginia
881,Category:The Last Wish characters,Vissegerd
882,Category:The Last Wish characters,Vizimir II
883,Category:The Last Wish characters,Vratimir
884,Category:The Last Wish characters,Vridank
885,Category:The Last Wish characters,Vyr
886,Category:The Last Wish characters,Warder
887,Category:The Last Wish characters,Wieldhill
888,Category:The Last Wish characters,Windhalm of Attre
889,Category:The Last Wish characters,Yennefer of Vengerberg
890,Category:The Last Wish characters,Zatret Voruta
891,Category:The Last Wish characters,Zavist
892,Category:The Last Wish characters,Zivelina
893,Category:The Tower of the Swallow characters,Adam Pangratt
894,Category:The Tower of the Swallow characters,Aideen
895,Category:The Tower of the Swallow characters,Almavera
896,Category:The Tower of the Swallow characters,Amaranth
897,Category:The Tower of the Swallow characters,Ambassador de Ruyter
898,Category:The Tower of the Swallow characters,Andres Vierny
899,Category:The Tower of the Swallow characters,Angoulême
900,Category:The Tower of the Swallow characters,Anna Henrietta
901,Category:The Tower of the Swallow characters,Ardal aep Dahy
902,Category:The Tower of the Swallow characters,Aristide Vermuellen
903,Category:The Tower of the Swallow characters,Asa Thjazi
904,Category:The Tower of the Swallow characters,Asse
905,Category:The Tower of the Swallow characters,Assire var Anahid
906,Category:The Tower of the Swallow characters,Avallac'h
907,Category:The Tower of the Swallow characters,Baron of Casadei
908,Category:The Tower of the Swallow characters,Benda
909,Category:The Tower of the Swallow characters,Bert Brigden
910,Category:The Tower of the Swallow characters,Big Lothar
911,Category:The Tower of the Swallow characters,Billy Goat (digger)
912,Category:The Tower of the Swallow characters,Blanka
913,Category:The Tower of the Swallow characters,Boreas Mun
914,Category:The Tower of the Swallow characters,Bran Tuirseach
915,Category:The Tower of the Swallow characters,Bucephalus
916,Category:The Tower of the Swallow characters,Buyvid Backhuysen
917,Category:The Tower of the Swallow characters,Cahir Mawr Dyffryn aep Ceallach
918,Category:The Tower of the Swallow characters,Calanthe
919,Category:The Tower of the Swallow characters,Caleb Stratton
920,Category:The Tower of the Swallow characters,Carthia van Canten
921,Category:The Tower of the Swallow characters,Ceallach aep Gruffyd
922,Category:The Tower of the Swallow characters,Chloe Stitz
923,Category:The Tower of the Swallow characters,Ciri
924,Category:The Tower of the Swallow characters,Cirilla Fiona (imposter)
925,Category:The Tower of the Swallow characters,Codringher
926,Category:The Tower of the Swallow characters,Coën
927,Category:The Tower of the Swallow characters,Crach an Craite
928,Category:The Tower of the Swallow characters,Cregennan of Lod
929,Category:The Tower of the Swallow characters,Cyprian Fripp the elder
930,Category:The Tower of the Swallow characters,Cyprian Fripp the younger
931,Category:The Tower of the Swallow characters,D'Arvy
932,Category:The Tower of the Swallow characters,Dacre Silifant
933,Category:The Tower of the Swallow characters,Dandelion
934,Category:The Tower of the Swallow characters,Daniel Etcheverry
935,Category:The Tower of the Swallow characters,Debora
936,Category:The Tower of the Swallow characters,Declan Ros aep Maelchlad
937,Category:The Tower of the Swallow characters,Dede Vargas
938,Category:The Tower of the Swallow characters,Demavend III
939,Category:The Tower of the Swallow characters,Dominik Bombastus Houvenaghel
940,Category:The Tower of the Swallow characters,Draakul
941,Category:The Tower of the Swallow characters,Dufficey Kriel
942,Category:The Tower of the Swallow characters,Effenberg
943,Category:The Tower of the Swallow characters,Eist Tuirseach
944,Category:The Tower of the Swallow characters,Emhyr var Emreis
945,Category:The Tower of the Swallow characters,Emiel Regis Rohellec Terzieff-Godefroy
946,Category:The Tower of the Swallow characters,Eredin Bréacc Glas
947,Category:The Tower of the Swallow characters,Eskel
948,Category:The Tower of the Swallow characters,Esterad Thyssen
949,Category:The Tower of the Swallow characters,Esterhazy
950,Category:The Tower of the Swallow characters,Esteril Thyssen
951,Category:The Tower of the Swallow characters,Eurneid
952,Category:The Tower of the Swallow characters,Fabio Sachs
953,Category:The Tower of the Swallow characters,Falka (alias)
954,Category:The Tower of the Swallow characters,Fergus var Emreis
955,Category:The Tower of the Swallow characters,Flourens Delannoy
956,Category:The Tower of the Swallow characters,Fringilla Vigo
957,Category:The Tower of the Swallow characters,Fulko Artevelde
958,Category:The Tower of the Swallow characters,Gabriel (person)
959,Category:The Tower of the Swallow characters,Gaudemunda Thyssen
960,Category:The Tower of the Swallow characters,Gedovius Troyden
961,Category:The Tower of the Swallow characters,Gemma
962,Category:The Tower of the Swallow characters,Geoffrey Monck
963,Category:The Tower of the Swallow characters,Geralt of Rivia
964,Category:The Tower of the Swallow characters,Gerard Troyden
965,Category:The Tower of the Swallow characters,Giselher
966,Category:The Tower of the Swallow characters,Golan Drozdeck
967,Category:The Tower of the Swallow characters,Gosta
968,Category:The Tower of the Swallow characters,Goulue
969,Category:The Tower of the Swallow characters,Guiscard Vermuellen
970,Category:The Tower of the Swallow characters,Guthlaf
971,Category:The Tower of the Swallow characters,Henselt
972,Category:The Tower of the Swallow characters,Hjalmar an Craite
973,Category:The Tower of the Swallow characters,Homer Straggen
974,Category:The Tower of the Swallow characters,Horsehide
975,Category:The Tower of the Swallow characters,Hotspurn
976,Category:The Tower of the Swallow characters,Iola
977,Category:The Tower of the Swallow characters,Iola the Second
978,Category:The Tower of the Swallow characters,Iskra
979,Category:The Tower of the Swallow characters,Ithlinne
980,Category:The Tower of the Swallow characters,Jacob Fenn
981,Category:The Tower of the Swallow characters,Jan Calveit
982,Category:The Tower of the Swallow characters,Jan Cronin
983,Category:The Tower of the Swallow characters,Jarre
984,Category:The Tower of the Swallow characters,Jediah Mekesser
985,Category:The Tower of the Swallow characters,Joachim de Wett
986,Category:The Tower of the Swallow characters,Joanna Selborne
987,Category:The Tower of the Swallow characters,Juan Gutierrez
988,Category:The Tower of the Swallow characters,Julia Abatemarco
989,Category:The Tower of the Swallow characters,Kabernik Turent
990,Category:The Tower of the Swallow characters,Kamil Ronstetter
991,Category:The Tower of the Swallow characters,Katje
992,Category:The Tower of the Swallow characters,Kaveri
993,Category:The Tower of the Swallow characters,Kayleigh
994,Category:The Tower of the Swallow characters,Kelpie (horse)
995,Category:The Tower of the Swallow characters,Kohut
996,Category:The Tower of the Swallow characters,Lady de Lisemore
997,Category:The Tower of the Swallow characters,Lambert
998,Category:The Tower of the Swallow characters,Lara Dorren
999,Category:The Tower of the Swallow characters,Lebioda
1000,Category:The Tower of the Swallow characters,Leo Bonhart
1001,Category:The Tower of the Swallow characters,Lorenzo Molla
1002,Category:The Tower of the Swallow characters,Lydia van Bredevoort
1003,Category:The Tower of the Swallow characters,Mad Deï
1004,Category:The Tower of the Swallow characters,Margarita Laux-Antille
1005,Category:The Tower of the Swallow characters,Marie de Mercey
1006,Category:The Tower of the Swallow characters,Markus Braibant
1007,Category:The Tower of the Swallow characters,Marquard
1008,Category:The Tower of the Swallow characters,Marquis de Mercey
1009,Category:The Tower of the Swallow characters,Matilda de Nementh-Uyvar
1010,Category:The Tower of the Swallow characters,Matted Hair
1011,Category:The Tower of the Swallow characters,Mawr var Anahid
1012,Category:The Tower of the Swallow characters,Menno Coehoorn
1013,Category:The Tower of the Swallow characters,Meve
1014,Category:The Tower of the Swallow characters,Michael de Noailles
1015,Category:The Tower of the Swallow characters,Milo Vanderbeck
1016,Category:The Tower of the Swallow characters,Milton de Peyrac-Peyran
1017,Category:The Tower of the Swallow characters,Milva
1018,Category:The Tower of the Swallow characters,Mistle
1019,Category:The Tower of the Swallow characters,Muchomorek
1020,Category:The Tower of the Swallow characters,Myrrha
1021,Category:The Tower of the Swallow characters,Nenneke
1022,Category:The Tower of the Swallow characters,Neratin Ceka
1023,Category:The Tower of the Swallow characters,Novosad
1024,Category:The Tower of the Swallow characters,Nycklar
1025,Category:The Tower of the Swallow characters,Ola Harsheim
1026,Category:The Tower of the Swallow characters,Paulie Dahlberg
1027,Category:The Tower of the Swallow characters,Pennycuick
1028,Category:The Tower of the Swallow characters,Philippa Eilhart
1029,Category:The Tower of the Swallow characters,Prine
1030,Category:The Tower of the Swallow characters,Radcliffe
1031,Category:The Tower of the Swallow characters,Radovid I
1032,Category:The Tower of the Swallow characters,Radovid III
1033,Category:The Tower of the Swallow characters,Radovid V
1034,Category:The Tower of the Swallow characters,Raymund
1035,Category:The Tower of the Swallow characters,Reef
1036,Category:The Tower of the Swallow characters,Reynart de Bois-Fresnes
1037,Category:The Tower of the Swallow characters,Rhyd
1038,Category:The Tower of the Swallow characters,Riannon
1039,Category:The Tower of the Swallow characters,Rience
1040,Category:The Tower of the Swallow characters,Rispat La Pointe
1041,Category:The Tower of the Swallow characters,Roach
1042,Category:The Tower of the Swallow characters,Roderick de Novembre
1043,Category:The Tower of the Swallow characters,Rupert (The Tower of the Swallow)
1044,Category:The Tower of the Swallow characters,Scarra sisters
1045,Category:The Tower of the Swallow characters,Schirrú
1046,Category:The Tower of the Swallow characters,Schliemann
1047,Category:The Tower of the Swallow characters,Sheala de Tancarville
1048,Category:The Tower of the Swallow characters,Sigismund Dijkstra
1049,Category:The Tower of the Swallow characters,Sigrdrifa
1050,Category:The Tower of the Swallow characters,Stavro
1051,Category:The Tower of the Swallow characters,Stigward
1052,Category:The Tower of the Swallow characters,Surcratasse
1053,Category:The Tower of the Swallow characters,Sven (Guthlaf's father)
1054,Category:The Tower of the Swallow characters,Talbot
1055,Category:The Tower of the Swallow characters,Tankred Thyssen
1056,Category:The Tower of the Swallow characters,Til Echrade
1057,Category:The Tower of the Swallow characters,Tissaia de Vries
1058,Category:The Tower of the Swallow characters,Torres var Emreis
1059,Category:The Tower of the Swallow characters,Triss Merigold
1060,Category:The Tower of the Swallow characters,Troyden
1061,Category:The Tower of the Swallow characters,Valdez
1062,Category:The Tower of the Swallow characters,Vattier de Rideaux
1063,Category:The Tower of the Swallow characters,Vesemir
1064,Category:The Tower of the Swallow characters,Vilgefortz
1065,Category:The Tower of the Swallow characters,Vissegerd
1066,Category:The Tower of the Swallow characters,Vizimir II
1067,Category:The Tower of the Swallow characters,Vysogota of Corvo
1068,Category:The Tower of the Swallow characters,Walter Beda
1069,Category:The Tower of the Swallow characters,Weasel
1070,Category:The Tower of the Swallow characters,Windsor Imbra
1071,Category:The Tower of the Swallow characters,Xarthisius
1072,Category:The Tower of the Swallow characters,Yarpen Zigrin
1073,Category:The Tower of the Swallow characters,Yennefer of Vengerberg
1074,Category:The Tower of the Swallow characters,Yirrel
1075,Category:The Tower of the Swallow characters,Yuz Jannowitz
1076,Category:The Tower of the Swallow characters,Zdyb
1077,Category:The Tower of the Swallow characters,Zuleyka
1078,Category:The Tower of the Swallow characters,Zyvik
1079,Category:Time of Contempt characters,Abdank
1080,Category:Time of Contempt characters,Agnes of Glanville
1081,Category:Time of Contempt characters,Aine Dermott
1082,Category:Time of Contempt characters,Akerspaark
1083,Category:Time of Contempt characters,Akerspaark's children
1084,Category:Time of Contempt characters,Alia Akerspaark
1085,Category:Time of Contempt characters,Aplegatt
1086,Category:Time of Contempt characters,April Wenhaver
1087,Category:Time of Contempt characters,Ardal aep Dahy
1088,Category:Time of Contempt characters,Argentina Akerspaark
1089,Category:Time of Contempt characters,Artaud Terranova
1090,Category:Time of Contempt characters,Asse
1091,Category:Time of Contempt characters,Audegast
1092,Category:Time of Contempt characters,Augusta Wagner
1093,Category:Time of Contempt characters,Aurora Henson
1094,Category:Time of Contempt characters,Bernie Hofmeier
1095,Category:Time of Contempt characters,Bianca d'Este
1096,Category:Time of Contempt characters,Blaise
1097,Category:Time of Contempt characters,Blue Knight
1098,Category:Time of Contempt characters,Bode
1099,Category:Time of Contempt characters,Bronibor
1100,Category:Time of Contempt characters,Cahir Mawr Dyffryn aep Ceallach
1101,Category:Time of Contempt characters,Cairbre aep Diared
1102,Category:Time of Contempt characters,Calanthe
1103,Category:Time of Contempt characters,Carduin
1104,Category:Time of Contempt characters,Carla Demetia Crest
1105,Category:Time of Contempt characters,Ceallach aep Gruffyd
1106,Category:Time of Contempt characters,Cinia Hofmeier
1107,Category:Time of Contempt characters,Ciri
1108,Category:Time of Contempt characters,Cirilla Fiona (imposter)
1109,Category:Time of Contempt characters,Clara aep Gwydolyn Gor
1110,Category:Time of Contempt characters,Codringher
1111,Category:Time of Contempt characters,Coën
1112,Category:Time of Contempt characters,Cregennan of Lod
1113,Category:Time of Contempt characters,Dagorad
1114,Category:Time of Contempt characters,Dandelion
1115,Category:Time of Contempt characters,Demavend III
1116,Category:Time of Contempt characters,Dervla Tryffin Broinne
1117,Category:Time of Contempt characters,Detmold
1118,Category:Time of Contempt characters,Digod
1119,Category:Time of Contempt characters,Dorregaray
1120,Category:Time of Contempt characters,Drithelm
1121,Category:Time of Contempt characters,Effenberg
1122,Category:Time of Contempt characters,Eist Tuirseach
1123,Category:Time of Contempt characters,Eithné
1124,Category:Time of Contempt characters,Elan Trahe
1125,Category:Time of Contempt characters,Elen of Kaedwen
1126,Category:Time of Contempt characters,Emhyr var Emreis
1127,Category:Time of Contempt characters,Eredin Bréacc Glas
1128,Category:Time of Contempt characters,Ervyll
1129,Category:Time of Contempt characters,Eskel
1130,Category:Time of Contempt characters,Esterad Thyssen
1131,Category:Time of Contempt characters,Ethain
1132,Category:Time of Contempt characters,Ettariel
1133,Category:Time of Contempt characters,Evan Helvet
1134,Category:Time of Contempt characters,Fabio Sachs
1135,Category:Time of Contempt characters,Fabio Sachs (senior)
1136,Category:Time of Contempt characters,Falka
1137,Category:Time of Contempt characters,Falka (alias)
1138,Category:Time of Contempt characters,Fauve
1139,Category:Time of Contempt characters,Fercart
1140,Category:Time of Contempt characters,Filavandrel aén Fidháil
1141,Category:Time of Contempt characters,Fiona
1142,Category:Time of Contempt characters,Flavius Michelet
1143,Category:Time of Contempt characters,Flourens Delannoy
1144,Category:Time of Contempt characters,Foltest
1145,Category:Time of Contempt characters,Francesca Findabair
1146,Category:Time of Contempt characters,Franklin Hofmeier
1147,Category:Time of Contempt characters,Geoffrey Monck
1148,Category:Time of Contempt characters,Geralt of Rivia
1149,Category:Time of Contempt characters,Gerhart of Aelle
1150,Category:Time of Contempt characters,Giambattista
1151,Category:Time of Contempt characters,Giselher
1152,Category:Time of Contempt characters,Gonzalez Akerspaark
1153,Category:Time of Contempt characters,Gorazd
1154,Category:Time of Contempt characters,Gorm Akerspaark
1155,Category:Time of Contempt characters,Hansom
1156,Category:Time of Contempt characters,Hedwig of Malleore
1157,Category:Time of Contempt characters,Heimo Kantor
1158,Category:Time of Contempt characters,Henselt
1159,Category:Time of Contempt characters,Herbert Stammelford
1160,Category:Time of Contempt characters,Horm Akerspaark
1161,Category:Time of Contempt characters,Hoët
1162,Category:Time of Contempt characters,Hrafnir
1163,Category:Time of Contempt characters,Hugo Ansbach
1164,Category:Time of Contempt characters,Ihuarraquax
1165,Category:Time of Contempt characters,Ilona Laux-Antille
1166,Category:Time of Contempt characters,Immanuel Benavent
1167,Category:Time of Contempt characters,Iskra
1168,Category:Time of Contempt characters,Ithlinne
1169,Category:Time of Contempt characters,Ivo Richert
1170,Category:Time of Contempt characters,Jacob Fenn
1171,Category:Time of Contempt characters,Jada Glevissig
1172,Category:Time of Contempt characters,Jan Bekker
1173,Category:Time of Contempt characters,Jan Calveit
1174,Category:Time of Contempt characters,Jarre
1175,Category:Time of Contempt characters,Joachim de Wett
1176,Category:Time of Contempt characters,Justin Ingvar
1177,Category:Time of Contempt characters,Kayleigh
1178,Category:Time of Contempt characters,Keira Metz
1179,Category:Time of Contempt characters,King of the Wild Hunt
1180,Category:Time of Contempt characters,Klara Larissa de Winter
1181,Category:Time of Contempt characters,Korin
1182,Category:Time of Contempt characters,Kraska
1183,Category:Time of Contempt characters,Lambert
1184,Category:Time of Contempt characters,Lara Dorren
1185,Category:Time of Contempt characters,Lars
1186,Category:Time of Contempt characters,Leila
1187,Category:Time of Contempt characters,Leticia Charbonneau
1188,Category:Time of Contempt characters,Little Yaxa
1189,Category:Time of Contempt characters,Lodovico Michelet
1190,Category:Time of Contempt characters,Lutz
1191,Category:Time of Contempt characters,Lydia van Bredevoort
1192,Category:Time of Contempt characters,Malvina Akerspaark
1193,Category:Time of Contempt characters,Mansfeld
1194,Category:Time of Contempt characters,Marder
1195,Category:Time of Contempt characters,Margarita Laux-Antille
1196,Category:Time of Contempt characters,Markus Braibant
1197,Category:Time of Contempt characters,Marquard
1198,Category:Time of Contempt characters,Marti Södergren
1199,Category:Time of Contempt characters,Menno Coehoorn
1200,Category:Time of Contempt characters,Meve
1201,Category:Time of Contempt characters,Michael Glomb
1202,Category:Time of Contempt characters,Michelet brothers
1203,Category:Time of Contempt characters,Milan Raupenneck
1204,Category:Time of Contempt characters,Millet
1205,Category:Time of Contempt characters,Milva
1206,Category:Time of Contempt characters,Mistle
1207,Category:Time of Contempt characters,Molnar Giancardi
1208,Category:Time of Contempt characters,Morvran Voorhis
1209,Category:Time of Contempt characters,Nazarian
1210,Category:Time of Contempt characters,Nenneke
1211,Category:Time of Contempt characters,Niedamir
1212,Category:Time of Contempt characters,Nina Akerspaark
1213,Category:Time of Contempt characters,Nina Fioravanti
1214,Category:Time of Contempt characters,Nitert
1215,Category:Time of Contempt characters,Nora Wagner
1216,Category:Time of Contempt characters,Orm Akerspaark
1217,Category:Time of Contempt characters,Paulie Dahlberg
1218,Category:Time of Contempt characters,Paulina Akerspaark
1219,Category:Time of Contempt characters,Pavetta
1220,Category:Time of Contempt characters,Pegasus
1221,Category:Time of Contempt characters,Peter Evertsen
1222,Category:Time of Contempt characters,Petunia Hofmeier
1223,Category:Time of Contempt characters,Philippa Eilhart
1224,Category:Time of Contempt characters,Pitcairn Godyvron
1225,Category:Time of Contempt characters,Radcliffe
1226,Category:Time of Contempt characters,Radmir
1227,Category:Time of Contempt characters,Raffard the White
1228,Category:Time of Contempt characters,Ralf Blunden
1229,Category:Time of Contempt characters,Ransant Alvaro
1230,Category:Time of Contempt characters,Rayla
1231,Category:Time of Contempt characters,Reef
1232,Category:Time of Contempt characters,Rejean
1233,Category:Time of Contempt characters,Remiz
1234,Category:Time of Contempt characters,Rience
1235,Category:Time of Contempt characters,Rizzi Michelet
1236,Category:Time of Contempt characters,Roach
1237,Category:Time of Contempt characters,Roderick de Novembre
1238,Category:Time of Contempt characters,Roegner of Ebbing
1239,Category:Time of Contempt characters,Rudiger
1240,Category:Time of Contempt characters,Sabrina Glevissig
1241,Category:Time of Contempt characters,Schirrú
1242,Category:Time of Contempt characters,Sigismund Dijkstra
1243,Category:Time of Contempt characters,Sir Sweers
1244,Category:Time of Contempt characters,Skomlik
1245,Category:Time of Contempt characters,Stahler
1246,Category:Time of Contempt characters,Stefan Skellen
1247,Category:Time of Contempt characters,Stella Congreve
1248,Category:Time of Contempt characters,Talbot
1249,Category:Time of Contempt characters,Tangerinka Hofmeier
1250,Category:Time of Contempt characters,Tissaia de Vries
1251,Category:Time of Contempt characters,Torm Akerspaark
1252,Category:Time of Contempt characters,Toruviel
1253,Category:Time of Contempt characters,Toublanc Michelet
1254,Category:Time of Contempt characters,Triss Merigold
1255,Category:Time of Contempt characters,Two Tusks
1256,Category:Time of Contempt characters,Valia Akerspaark
1257,Category:Time of Contempt characters,Vattier de Rideaux
1258,Category:Time of Contempt characters,Venzlav
1259,Category:Time of Contempt characters,Vercta
1260,Category:Time of Contempt characters,Vesemir
1261,Category:Time of Contempt characters,Vilgefortz
1262,Category:Time of Contempt characters,Villis
1263,Category:Time of Contempt characters,Vissegerd
1264,Category:Time of Contempt characters,Vizimir II
1265,Category:Time of Contempt characters,Voymir (Redanian)
1266,Category:Time of Contempt characters,Wilfli
1267,Category:Time of Contempt characters,Willemer
1268,Category:Time of Contempt characters,Xarthisius
1269,Category:Time of Contempt characters,Yaevinn
1270,Category:Time of Contempt characters,Yanna of Murivel
1271,Category:Time of Contempt characters,Yarpen Zigrin
1272,Category:Time of Contempt characters,Yennefer of Vengerberg
1273,Category:Time of Contempt characters,Yiolenta Suarez
1274,Category:Time of Contempt characters,Zyvik
